id,nama,notes
1,African Orange Flower,"[{""id"": 1, ""nama"": ""pear""}, {""id"": 2, ""nama"": ""melon""}, {""id"": 3, ""nama"": ""freesia""}, {""id"": 4, ""nama"": ""rose""}, {""id"": 5, ""nama"": ""patchouli""}, {""id"": 6, ""nama"": ""musk""}, {""id"": 7, ""nama"": ""rhubarb""}, {""id"": 8, ""nama"": ""amber""}]"
2,Agarwood,"[{""id"": 9, ""nama"": ""lily of the valley""}, {""id"": 10, ""nama"": ""Peach""}, {""id"": 11, ""nama"": ""blackcurrant""}, {""id"": 12, ""nama"": ""bergamot""}, {""id"": 13, ""nama"": ""turkey red rose""}, {""id"": 14, ""nama"": ""pink pepper""}, {""id"": 15, ""nama"": ""lemon""}, {""id"": 16, ""nama"": ""kiwi""}, {""id"": 17, ""nama"": ""jasmine""}, {""id"": 18, ""nama"": ""carnation""}, {""id"": 19, ""nama"": ""raspberry bloom""}, {""id"": 20, ""nama"": ""watermelon""}, {""id"": 21, ""nama"": ""cyclamen""}, {""id"": 22, ""nama"": ""orange blossom""}, {""id"": 23, ""nama"": ""leather""}, {""id"": 24, ""nama"": ""papyrus""}, {""id"": 25, ""nama"": ""white wood""}]"
3,Aldehyde,"[{""id"": 26, ""nama"": ""fresh watery accord""}, {""id"": 4, ""nama"": ""rose""}, {""id"": 14, ""nama"": ""pink pepper""}, {""id"": 27, ""nama"": ""violet""}, {""id"": 22, ""nama"": ""orange blossom""}, {""id"": 28, ""nama"": ""peony""}, {""id"": 6, ""nama"": ""musk""}, {""id"": 29, ""nama"": ""marine""}, {""id"": 30, ""nama"": ""sandalwood""}]"
4,Almond,"[{""id"": 31, ""nama"": ""dew""}, {""id"": 32, ""nama"": ""strawberry""}, {""id"": 33, ""nama"": ""lotus""}, {""id"": 34, ""nama"": ""tulip""}, {""id"": 6, ""nama"": ""musk""}, {""id"": 35, ""nama"": ""oakmoss""}, {""id"": 22, ""nama"": ""orange blossom""}]"
5,Ambergris,"[{""id"": 36, ""nama"": ""neroli""}, {""id"": 12, ""nama"": ""bergamot""}, {""id"": 37, ""nama"": ""red fruits""}, {""id"": 22, ""nama"": ""orange blossom""}, {""id"": 17, ""nama"": ""jasmine""}, {""id"": 38, ""nama"": ""resin""}, {""id"": 39, ""nama"": ""cinnamon""}, {""id"": 40, ""nama"": ""vanilla""}, {""id"": 41, ""nama"": ""caramel""}, {""id"": 42, ""nama"": ""cedarwood""}]"
6,Amber,"[{""id"": 43, ""nama"": ""apple""}, {""id"": 12, ""nama"": ""bergamot""}, {""id"": 4, ""nama"": ""rose""}, {""id"": 28, ""nama"": ""peony""}, {""id"": 8, ""nama"": ""amber""}, {""id"": 40, ""nama"": ""vanilla""}]"
7,Amberwood,"[{""id"": 44, ""nama"": ""raspberry""}, {""id"": 15, ""nama"": ""lemon peel""}, {""id"": 46, ""nama"": ""almond""}, {""id"": 11, ""nama"": ""blackcurrant""}, {""id"": 4, ""nama"": ""rose""}, {""id"": 22, ""nama"": ""orange blossom""}, {""id"": 40, ""nama"": ""vanilla""}, {""id"": 5, ""nama"": ""patchouli""}, {""id"": 47, ""nama"": ""cashmeran""}, {""id"": 6, ""nama"": ""musk""}]"
8,Ambrette,"[{""id"": 48, ""nama"": ""lavender""}, {""id"": 49, ""nama"": ""martini""}, {""id"": 12, ""nama"": ""bergamot""}, {""id"": 50, ""nama"": ""mandarin orange""}, {""id"": 51, ""nama"": ""palisander rosewood""}, {""id"": 5, ""nama"": ""patchouli""}, {""id"": 52, ""nama"": ""orchid""}, {""id"": 53, ""nama"": ""narcissus""}, {""id"": 6, ""nama"": ""musk""}, {""id"": 54, ""nama"": ""wood""}, {""id"": 42, ""nama"": ""cedarwood""}, {""id"": 55, ""nama"": ""white amber""}]"
